number,severity,category
+12012854635,2,robocall
+12013408962,2,telemarketing
+12023262222,2,scam
+12023706456,2,robocall
+12024695578,2,robocall
+12029334334,2,telemarketing
+12029750957,2,robocall
+12029981857,2,scam
+12056702598,2,telemarketing
+12065363695,2,telemarketing
+12067455159,2,scam
+12096554105,2,robocall
+12122702479,2,scam
+12123841000,2,scam
+12125525100,2,telemarketing
+12125615117,2,telemarketing
+12132463439,2,telemarketing
+12138619431,2,scam
+12142269139,2,telemarketing
+12143085316,2,scam
+12145845873,2,scam
+12163430767,2,telemarketing
+12178349513,2,robocall
+12178349517,2,robocall
+12192446145,2,robocall
+12193646168,2,robocall
+12198828600,2,robocall
+12252248384,2,robocall
+12253660969,2,telemarketing
+12489213031,2,robocall
+12563757250,2,telemarketing
+12695000186,2,robocall
+12704670575,2,robocall
+12704670587,2,robocall
+12726242620,2,robocall
+13016153085,2,telemarketing
+13017100134,2,telemarketing
+13018610546,2,telemarketing
+13029273338,2,scam
+13106677534,2,robocall
+13127419770,2,robocall
+13139440338,2,telemarketing
+13142220608,2,robocall
+13155476939,2,telemarketing
+13157401892,2,telemarketing
+13213958327,2,robocall
+13213958702,2,robocall
+13214625002,2,robocall
+13214991876,2,robocall
+13218661469,2,robocall
+13318881773,2,robocall
+13342337559,2,robocall
+13373727035,2,robocall
+13524584610,2,telemarketing
+13528045028,2,scam
+13692166437,2,robocall
+14029302580,2,robocall
+14048064811,2,robocall
+14052420407,2,robocall
+14072686093,2,telemarketing
+14097617631,2,robocall
+14102041064,2,robocall
+14104745058,2,robocall
+14105414911,2,robocall
+14137281190,2,robocall
+14157048470,2,robocall
+14437025235,2,telemarketing
+14452077224,2,telemarketing
+14809008644,2,telemarketing
+15056756049,2,robocall
+15092938095,2,robocall
+15099261345,2,robocall
+15127689859,2,robocall
+15129003239,2,telemarketing
+15165405766,2,robocall
+15167888584,2,robocall
+15169171874,2,telemarketing
+15202772479,2,robocall
+15312008831,2,robocall
+15412550194,2,robocall
+15418826063,2,robocall
+15612508910,2,robocall
+15625125763,2,telemarketing
+15625743803,2,telemarketing
+15627456830,2,robocall
+15632657050,2,robocall
+15706327451,2,telemarketing
+15713852686,2,robocall
+15714929947,2,robocall
+15732105968,2,robocall
+15802179167,2,telemarketing
+16026617135,2,telemarketing
+16096632901,2,telemarketing
+16099968383,2,telemarketing
+16104428223,2,robocall
+16106211582,2,telemarketing
+16142452503,2,robocall
+16175000915,2,robocall
+16196634934,2,telemarketing
+16466631660,2,robocall
+16502155258,2,scam
+16502155637,2,scam
+16502155641,2,scam
+16502155642,2,scam
+16503600158,2,telemarketing
+16518298671,2,telemarketing
+16573599459,2,robocall
+16693105659,2,robocall
+17024052829,2,robocall
+17078434183,2,scam
+17084934317,2,robocall
+17135043073,2,robocall
+17183037699,2,robocall
+17246098251,2,robocall
+17402045507,2,telemarketing
+17403947974,2,telemarketing
+17472397129,2,robocall
+17627169614,2,robocall
+17627221864,2,robocall
+17712473925,2,robocall
+17712473981,2,scam
+17712479842,2,robocall
+17712535173,2,robocall
+17712535238,2,robocall
+17712536275,2,robocall
+17754381695,2,robocall
+17754381723,2,robocall
+17857151498,2,robocall
+17864185741,2,robocall
+18002927508,2,telemarketing
+18005135181,2,telemarketing
+18005284800,2,telemarketing
+18007332767,2,telemarketing
+18008249289,2,telemarketing
+18008520411,2,telemarketing
+18009356199,2,telemarketing
+18009423767,2,robocall
+18056377243,2,robocall
+18083892548,2,scam
+18136404892,2,scam
+18137123446,2,scam
+18139345003,2,scam
+18139850684,2,scam
+18163122149,2,robocall
+18164303343,2,robocall
+18166708171,2,scam
+18284236560,2,scam
+18304319830,2,robocall
+18304579244,2,robocall
+18304579397,2,robocall
+18333337502,2,robocall
+18333337507,2,robocall
+18334994754,2,robocall
+18336173680,2,robocall
+18336524153,2,robocall
+18336625730,2,robocall
+18336625741,2,robocall
+18336625743,2,robocall
+18336625788,2,robocall
+18336625818,2,robocall
+18336625820,2,robocall
+18336625847,2,robocall
+18336625854,2,robocall
+18336843601,2,robocall
+18336845474,2,robocall
+18336845477,2,robocall
+18336845544,2,robocall
+18336845586,2,robocall
+18337113940,2,robocall
+18337987575,2,robocall
+18338188692,2,scam
+18339454855,2,telemarketing
+18382489208,2,robocall
+18389453279,2,robocall
+18402637620,2,robocall
+18406666082,2,scam
+18443052174,2,robocall
+18443154988,2,robocall
+18443358230,2,robocall
+18443530473,2,robocall
+18445021228,2,robocall
+18445023018,2,robocall
+18445023058,2,robocall
+18445023181,2,robocall
+18445151054,2,robocall
+18445151228,2,robocall
+18445151752,2,robocall
+18446403660,2,scam
+18447753439,2,robocall
+18475951619,2,robocall
+18504460595,2,robocall
+18552072889,2,telemarketing
+18553164622,2,robocall
+18553368588,2,robocall
+18553572069,2,robocall
+18553572205,2,robocall
+18553572212,2,robocall
+18553572243,2,robocall
+18553572267,2,robocall
+18554460858,2,robocall
+18555802219,2,robocall
+18555802407,2,robocall
+18555802413,2,robocall
+18555802448,2,robocall
+18555802491,2,robocall
+18555802528,2,robocall
+18555802622,2,scam
+18555802631,2,robocall
+18555802692,2,robocall
+18555802737,2,robocall
+18555802819,2,robocall
+18555802847,2,robocall
+18556360210,2,robocall
+18556437080,2,robocall
+18557427350,2,robocall
+18557600686,2,robocall
+18558830444,2,robocall
+18558830574,2,robocall
+18559042062,2,robocall
+18559940124,2,robocall
+18559940727,2,robocall
+18559941764,2,robocall
+18559941951,2,robocall
+18559942036,2,robocall
+18559942053,2,robocall
+18559942094,2,robocall
+18559942101,2,robocall
+18642855655,2,scam
+18644487004,2,robocall
+18662104338,2,robocall
+18663140302,2,telemarketing
+18663862885,2,robocall
+18663863139,2,robocall
+18663864880,2,robocall
+18663865187,2,robocall
+18663865575,2,robocall
+18663865770,2,robocall
+18663865812,2,robocall
+18663983014,2,robocall
+18663983202,2,robocall
+18664035512,2,telemarketing
+18664199370,2,scam
+18664541645,2,scam
+18665520063,2,robocall
+18665788103,2,robocall
+18665852269,2,robocall
+18665882180,2,robocall
+18666127724,2,robocall
+18666661303,2,robocall
+18666850904,2,robocall
+18667714369,2,robocall
+18667714457,2,robocall
+18667714579,2,robocall
+18667714707,2,robocall
+18667714708,2,robocall
+18667714759,2,robocall
+18667714913,2,robocall
+18667714974,2,robocall
+18667714975,2,robocall
+18667714976,2,robocall
+18667714991,2,robocall
+18667715019,2,robocall
+18667715044,2,robocall
+18667715194,2,robocall
+18667715271,2,robocall
+18667715653,2,robocall
+18667715705,2,robocall
+18667715756,2,robocall
+18667715801,2,robocall
+18667715820,2,robocall
+18667715936,2,robocall
+18667716011,2,robocall
+18667716115,2,robocall
+18667716182,2,robocall
+18667716223,2,robocall
+18667716301,2,robocall
+18667716365,2,robocall
+18667716389,2,robocall
+18667716584,2,robocall
+18667716752,2,robocall
+18667716754,2,robocall
+18667716801,2,robocall
+18667716839,2,robocall
+18667716920,2,robocall
+18667716930,2,robocall
+18668088084,2,telemarketing
+18668184322,2,robocall
+18669264168,2,robocall
+18669604682,2,robocall
+18709856856,2,robocall
+18726392640,2,robocall
+18772477967,2,robocall
+18772480718,2,robocall
+18773720605,2,robocall
+18773720669,2,scam
+18773720718,2,robocall
+18773720872,2,robocall
+18773720945,2,robocall
+18774291442,2,robocall
+18775141450,2,telemarketing
+18775141710,2,robocall
+18775141719,2,robocall
+18775569255,2,robocall
+18775781477,2,robocall
+18775781723,2,robocall
+18775781816,2,robocall
+18775781859,2,robocall
+18775782137,2,robocall
+18775782492,2,robocall
+18775782617,2,robocall
+18775782694,2,robocall
+18775782862,2,robocall
+18775783177,2,robocall
+18775783404,2,robocall
+18775783530,2,robocall
+18775783610,2,robocall
+18775783784,2,robocall
+18775783818,2,robocall
+18775784177,2,robocall
+18775912417,2,robocall
+18776084924,2,robocall
+18776122280,2,robocall
+18776130572,2,robocall
+18776132580,2,robocall
+18776134656,2,robocall
+18776135459,2,robocall
+18777629836,2,scam
+18777781846,2,robocall
+18778735783,2,telemarketing
+18778842292,2,telemarketing
+18779570588,2,robocall
+18779572897,2,robocall
+18779610019,2,robocall
+18779610325,2,robocall
+18779610330,2,robocall
+18779610345,2,robocall
+18779610349,2,robocall
+18779610375,2,robocall
+18779610391,2,robocall
+18779610592,2,robocall
+18779610968,2,robocall
+18882507027,2,robocall
+18882662278,2,robocall
+18882690640,2,scam
+18882693007,2,robocall
+18882694417,2,robocall
+18882694550,2,robocall
+18882694564,2,robocall
+18882928417,2,robocall
+18883101367,2,robocall
+18883103880,2,robocall
+18883104565,2,robocall
+18883104908,2,robocall
+18883821222,2,robocall
+18883887204,2,robocall
+18883892034,2,scam
+18884314549,2,telemarketing
+18885241906,2,scam
+18885357661,2,robocall
+18885855116,2,robocall
+18886031422,2,scam
+18886334487,2,telemarketing
+18886873158,2,robocall
+18886900513,2,robocall
+18886924135,2,robocall
+18888192135,2,telemarketing
+18888600052,2,robocall
+18888625240,2,robocall
+18888675519,2,scam
+18889051066,2,robocall
+18889051576,2,robocall
+18889051588,2,robocall
+18889051759,2,robocall
+18889120276,2,robocall
+18889122797,2,robocall
+18889171094,2,robocall
+18889187208,2,robocall
+18889410077,2,robocall
+18889424379,2,robocall
+18889427487,2,robocall
+19012825495,2,robocall
+19043717016,2,robocall
+19132221370,2,telemarketing
+19138459293,2,telemarketing
+19138459302,2,telemarketing
+19143192655,2,robocall
+19162825281,2,telemarketing
+19165581700,2,scam
+19167401913,2,telemarketing
+19174448325,2,robocall
+19196666569,2,telemarketing
+19256934915,2,telemarketing
+19294633451,2,robocall
+19313242040,2,telemarketing
+19492580561,2,robocall
+19493723817,2,robocall
+19496958749,2,robocall
+19547194715,2,telemarketing
+19592994800,2,robocall
+19708960489,2,robocall
+19709871914,2,robocall
+19796961923,2,robocall
+19802625316,2,robocall
+19842315384,2,telemarketing
+19842315385,2,robocall
+19843756243,2,telemarketing
+33162*,2,telemarketing
+33163*,2,telemarketing
+33270*,2,telemarketing
+33271*,2,telemarketing
+33377*,2,telemarketing
+33378*,2,telemarketing
+33424*,2,telemarketing
+33425*,2,telemarketing
+33568*,2,telemarketing
+33569*,2,telemarketing
+339475*,2,telemarketing
+339476*,2,telemarketing
+339477*,2,telemarketing
+339478*,2,telemarketing
+339479*,2,telemarketing
+33948*,2,telemarketing
+33949*,2,telemarketing
+34400*,2,telemarketing
+51500*,2,telemarketing
+55303*,2,telemarketing
+56809*,2,telemarketing
